Use master 
Create database Quanlibanhang
USE Quanlibanhang

create table Sanpham
(
masp Nchar(10) not null,
mahangsx Nchar(10) not null,
tensp nvarchar(20) not null,
soluong int not null,
mausac nvarchar(20) not null,
giaban money not null,
donvitinh Nchar(10) not null,
mota nvarchar(max) not null,
Primary key (masp)
)

create table Hangsx
(
Mahangsx Nchar(10) not null,
Tenhang Nvarchar(30) not null,
Diachi Nvarchar(30) not null,
Sodt nvarchar(20) not null,
email nvarchar(30) not null,
primary key (Mahangsx) 
)

create table Nhanvien
(
Manv Nchar(10)  not null,
Tennv nvarchar(20) not null,
Gioitinh Nchar(10) not null,
Diachi nvarchar(30) not null,
Sodt nvarchar(20) not null,
email nvarchar(30) not null,
Phong nvarchar(30) not null,
primary key (Manv)
)

create table Nhap
(
Sohdn Nchar(10) not null,
Masp Nchar(10) not null,
Manv Nchar(10) not null,
Ngaynhap date not null,
soluongN int not null,
dongiaN money not null, 
unique(Sohdn,Masp)
)
drop table Nhap


create table Xuat 
(
Sohdx Nchar(10) not null,
Masp Nchar(10) not null,
Manv Nchar(10) not null,
Ngayxuat date not null,
soluongX int 
unique (Sohdx,Masp)
)

ALTER TABLE Sanpham
ADD CONSTRAINT FK_Sanpham_mahangsx
FOREIGN KEY (mahangsx)
REFERENCES Hangsx (Mahangsx)


ALTER TABLE Nhap
ADD CONSTRAINT FK_Nhap_masp
FOREIGN KEY (masp)
REFERENCES Sanpham (masp)


ALTER TABLE Nhap
ADD CONSTRAINT FK_Nhap_Manv
FOREIGN KEY (Manv)
REFERENCES Nhanvien (Manv)

ALTER TABLE Xuat
ADD CONSTRAINT FK_Xuat_masp
FOREIGN KEY (masp)
REFERENCES Sanpham (masp)

ALTER TABLE Xuat
ADD CONSTRAINT FK_Xuat_Manv
FOREIGN KEY (Manv)
REFERENCES Nhanvien (Manv)

ALTER TABLE Nhap
ADD
CONSTRAINT PK_Nhap PRIMARY KEY (sohdn,masp)

ALTER TABLE Xuat
ADD
CONSTRAINT PK_Xuat PRIMARY KEY (sohdx,masp)

insert into Hangsx 
values ('H01','Samsung','korea','011-08271717','ss@gmail.com.kr')
insert into Hangsx 
values ('H02','oppo','china','081-08626262','oppo@gmail.com.cn')
insert into Hangsx 
values ('H03','Vinphone','Vn','084-098262626','vf@gmail.com.vn')

INSERT INTO Nhanvien VALUES
('NV01', 'Nguyễn Thị Thu', 'Nữ', 'Hà Nội', '0982626521', 'thu@gmail.com', 'Kế toán'),
('NV02', 'Lê Văn Nam', 'Nam', 'Bắc Ninh', '0972525252', 'nam@gmail.com', 'Vật tư'),
('NV03', 'Trần Hòa Bình', 'Nữ', 'Hà Nội', '0328388388', 'hb@gmail.com', 'Kế toán');
INSERT INTO Sanpham VALUES
('SP01', 'H02', 'F1 Plus', '100', 'Xám', '7000000', 'Chiếc', 'Hàng cận cao cấp'),
('SP02', 'H01', 'Galaxy Note11', '50', 'Đỏ', '19000000', 'Chiếc', 'Hàng cao cấp'),
('SP03', 'H02', 'F3 Lite', '200', 'Nâu', '3000000', 'Chiếc', 'Hàng phổ thông'),
('SP04', 'H03', 'Vjoy3', '200', 'Xám', '1500000', 'Chiếc', 'Hàng phổ thông'),
('SP05', 'H01', 'Galaxy', '50', 'Nâu', '8000000', 'Chiếc', 'Hàng cận cao cấp');
INSERT INTO Nhap VALUES
('N01', 'SP02', 'NV01', '02-05-2019', 10, 17000000),
('N02', 'SP01','NV02','04-07-2020',30,6000000),
('N03', 'SP04','NV02','05-17-2020',20,1200000),
('N04', 'SP01','NV03','03-22-2020',10,6200000),
('N05', 'SP05','NV01','07-07-2020',20,7000000);
INSERT INTO Xuat VALUES
('X01', 'SP03', 'NV02', '06-14-2020', 5),
('X02', 'SP01', 'NV03', '03-05-2019', 3),
('X03', 'SP02', 'NV01', '12-12-2020', 1),
('X04', 'SP03', 'NV02', '06-02-2020', 2),
('X05', 'SP05', 'NV01', '05-18-2020', 1);
